Stephen Curry - 2016 Split Stats,,,,,,,,,,,,,,,,,,,,,,,,,,,,,
,,,,,,,,,,,,,,,,,,,,,,,,,,,,,
SPLIT,GP,GS,MIN,PTS,REB,AST,GS40,OFF,DEF,STL,BL,TOV,BLA,PF,2P,2P%,3P,3P%,FT,FT%,TS%,P40,R40,A40,EF40,T40,S40,B40,FTA40
Total,103,102,33:32:00,28.6,5.3,6.4,27.3,0.8,4.4,2,0.2,3.4,0.6,2.1,4.7-8.5,0.557,4.9-10.9,0.446,4.5-5.0,0.903,0.661,34.1,6.3,7.6,34.2,4.1,2.3,0.3,5.9
Home,53,53,33:12:00,27,5.1,6.4,26.6,0.7,4.5,2,0.2,3.1,0.5,2,4.5-8.0,0.561,4.7-10.5,0.444,4.0-4.4,0.918,0.66,32.5,6.2,7.7,33.7,3.8,2.4,0.2,5.3
Road,50,49,33:53:00,30.3,5.4,6.3,27.9,1,4.4,1.9,0.2,3.8,0.7,2.2,5.0-9.0,0.553,5.1-11.4,0.447,5.0-5.6,0.89,0.661,35.7,6.4,7.5,34.8,4.5,2.2,0.3,6.6
Last 5,5,5,37:03:00,25.8,4,3.2,16.2,1.2,2.8,1.2,0.8,4.2,1.4,3.8,2.8-7.0,0.4,5.0-12.6,0.397,5.2-5.6,0.929,0.585,27.9,4.3,3.5,20.1,4.5,1.3,0.9,6
Last 10,10,10,36:28:00,25.4,5.6,4.9,18.8,1.1,4.5,1.3,0.5,4.1,1,2.9,3.2-7.7,0.416,4.8-11.2,0.429,4.6-5.0,0.92,0.602,27.9,6.1,5.4,24.5,4.5,1.4,0.5,5.5
Starter,102,102,33:30:00,28.5,5.2,6.4,27.2,0.8,4.4,2,0.2,3.4,0.6,2.1,4.7-8.4,0.555,4.9-10.9,0.448,4.5-5.0,0.902,0.662,34,6.3,7.6,34.1,4.1,2.4,0.3,6
Reserve,1,0,36:34:00,40,9,8,30.5,1,8,0,0,4,1,2,11.0-16.0,0.688,5.0-16.0,0.313,3.0-3.0,1,0.6,43.8,9.8,8.8,40.5,4.4,0,0,3.3
Team Wins,85,84,33:22:00,29.5,5.4,6.6,29.1,0.8,4.6,2,0.2,3.3,0.6,2,5.0-8.7,0.571,5.0-10.8,0.466,4.5-5.0,0.908,0.681,35.3,6.5,7.9,36.5,3.9,2.5,0.2,6
Team Loses,18,18,34:20:00,24.4,4.8,5.4,18.8,1,3.8,1.6,0.3,4.1,0.8,2.4,3.7-7.6,0.482,4.2-11.8,0.358,4.4-5.1,0.879,0.565,28.5,5.6,6.3,23.7,4.8,1.8,0.4,5.9
Win by 13+,44,44,30:54:00,28.7,4.8,6.2,31.7,0.6,4.1,2.1,0.2,2.8,0.4,1.9,4.7-7.5,0.622,5.2-10.6,0.491,3.6-4.0,0.909,0.72,37.1,6.2,8,39.5,3.6,2.7,0.3,5.2
Win by 6-12,29,28,36:22:00,31.2,6.5,6.9,27.5,1,5.5,2.1,0.1,3.8,0.8,2.1,5.9-10.5,0.564,4.6-10.9,0.425,5.5-6.0,0.919,0.65,34.3,7.2,7.5,34.9,4.2,2.4,0.2,6.6
Win by 1-5,12,12,35:07:00,28.2,4.9,7.3,24.8,0.9,4,1.7,0.3,3.8,0.9,2.3,3.7-8.6,0.427,5.2-10.9,0.473,5.3-6.1,0.877,0.635,32.1,5.6,8.4,30.9,4.4,1.9,0.3,6.9
Lose by 1-5,3,3,38:34:00,28,5,5.7,17.6,0.7,4.3,1.7,0.7,7,0.3,2.3,3.7-7.7,0.478,5.7-13.3,0.425,3.7-3.7,1,0.619,29,5.2,5.9,23.2,7.3,1.7,0.7,3.8
Lose by 6-12,4,4,36:34:00,18.8,5.8,8.8,14.1,1.3,4.5,2.3,0,4,1,2.8,3.3-7.5,0.433,3.0-12.0,0.25,3.3-3.8,0.867,0.443,20.5,6.3,9.6,19.4,4.4,2.5,0,4.1
Lose by 13+,11,11,32:22:00,25.5,4.4,4.2,21.1,1,3.4,1.3,0.4,3.4,0.9,2.3,3.8-7.6,0.5,4.3-11.3,0.379,5.1-5.9,0.862,0.594,31.6,5.4,5.2,25.6,4.2,1.6,0.4,7.3
FGA 6-10,5,5,19:47,12.6,2,4.6,22.6,0.2,1.8,1.4,0,2.4,0,1.8,2.0-2.4,0.833,1.8-4.8,0.375,3.2-3.4,0.941,0.724,25.5,4,9.3,29.5,4.9,2.8,0,6.9
FGA 11-15,18,18,29:48:00,20.2,4.1,6.6,22.6,0.8,3.3,1.8,0.2,3.4,0.3,2.3,3.2-5.7,0.553,3.3-7.8,0.426,3.9-4.6,0.854,0.65,27.1,5.5,8.8,29.2,4.5,2.5,0.2,6.1
FGA 16-20,36,36,33:25:00,26.6,5.6,5.9,25.4,0.8,4.8,2.1,0.2,3.5,0.6,1.9,4.1-7.6,0.542,4.6-10.7,0.43,4.6-5.0,0.906,0.648,31.8,6.6,7.1,32.1,4.2,2.6,0.2,6
FGA 21-25,32,32,36:24:00,33.9,5.7,6.8,29.7,0.9,4.8,2,0.3,3.4,0.8,2.4,5.6-9.9,0.565,6.0-12.9,0.466,4.6-5.2,0.897,0.675,37.3,6.2,7.4,36.8,3.7,2.2,0.3,5.7
FGA 26-30,10,10,37:00:00,40.1,6.6,7.2,34.5,1.3,5.3,2,0.3,3.8,1.3,1.9,7.5-14.0,0.536,6.4-12.9,0.496,5.9-6.2,0.952,0.677,43.4,7.1,7.8,42.3,4.1,2.2,0.3,6.7
FGA 31+,2,1,40:09:00,37,6,7,23.5,0.5,5.5,0.5,0,4,0.5,1.5,9.5-15.5,0.613,5.0-16.0,0.313,3.0-3.0,1,0.564,36.9,6,7,29.4,4,0.5,0,3
Opp wl% >=500,52,51,34:57:00,30.1,5.3,6,26.3,0.8,4.5,1.9,0.2,3.7,0.9,2.3,4.9-9.3,0.526,5.1-11.2,0.456,5.0-5.5,0.905,0.656,34.4,6,6.9,32.8,4.3,2.1,0.2,6.3
Opp wl% < 500,51,51,32:05:00,27.1,5.3,6.7,28.4,0.9,4.4,2.1,0.2,3.1,0.4,1.9,4.6-7.7,0.596,4.6-10.7,0.435,4.0-4.5,0.899,0.667,33.8,6.6,8.4,35.8,3.9,2.6,0.3,5.6
Reg Season,85,85,33:24:00,29.4,5.2,6.6,28.8,0.9,4.4,2.1,0.2,3.3,0.6,2.1,5.0-8.6,0.573,5.0-10.9,0.454,4.6-5.1,0.9,0.673,35.1,6.3,7.9,36,3.9,2.5,0.2,6.1
Playoffs,18,17,34:08:00,25,5.5,5.2,20.1,0.8,4.7,1.4,0.3,4.2,0.8,2.2,3.7-7.8,0.475,4.4-10.9,0.408,4.2-4.6,0.916,0.602,29.3,6.4,6.1,26.1,4.9,1.7,0.3,5.4
Min 10-20,5,5,17:47,13.6,2.6,3.8,24.4,0.4,2.2,1.4,0,3,0.2,1.6,2.4-3.4,0.706,2.2-5.0,0.44,2.2-2.4,0.917,0.719,30.6,5.8,8.5,32.4,6.7,3.1,0,5.4
Min 20-30,21,21,27:51:00,26.7,3.8,5.3,32.2,0.7,3,1.9,0.1,2.5,0.3,2.1,4.0-6.0,0.669,5.0-10.2,0.488,3.6-4.1,0.884,0.738,38.4,5.4,7.6,39.5,3.6,2.7,0.2,5.9
Min > 30,77,76,36:06:00,30.1,5.9,6.8,26.3,0.9,5,2,0.2,3.7,0.8,2.1,5.1-9.5,0.534,5.0-11.5,0.436,4.9-5.4,0.906,0.643,33.3,6.5,7.6,33.1,4.1,2.2,0.3,6
SPLIT,GP,GS,MIN,PTS,REB,AST,GS40,OFF,DEF,STL,BL,TOV,BLA,PF,2P,2P%,3P,3P%,FT,FT%,TS%,P40,R40,A40,EF40,T40,S40,B40,FTA40
October,9,9,26:27:00,26.4,3.6,6.4,34.7,0.9,2.7,1.6,0.1,2.6,0.1,2.7,4.6-6.4,0.707,4.1-8.7,0.474,5.0-5.8,0.865,0.749,40,5.4,9.7,42.8,3.9,2.4,0.2,8.7
November,16,16,34:43:00,30.1,5.1,5.8,27.6,0.4,4.6,2.6,0.2,3.9,0.3,1.5,5.0-8.8,0.567,4.8-11.0,0.438,5.7-6.1,0.938,0.67,34.7,5.8,6.6,33.9,4.5,3,0.2,7
December,11,11,35:21:00,28.7,6.6,7.2,26.2,0.9,5.7,1.5,0,3.9,0.7,2.6,5.3-9.1,0.58,4.2-9.4,0.447,5.6-6.7,0.838,0.671,32.5,7.5,8.1,34.1,4.4,1.7,0,7.6
January,16,16,31:44:00,27.2,4.3,6.6,29.1,1,3.3,2.1,0.4,2.6,0.8,1.9,4.1-7.6,0.545,5.1-11.0,0.46,3.8-3.9,0.952,0.67,34.3,5.4,8.3,35.8,3.3,2.7,0.5,5
February,10,10,34:36:00,36.7,5.6,7.3,35.1,1.4,4.2,1.9,0.4,3.6,0.8,1.8,6.2-10.9,0.569,6.7-12.6,0.532,4.2-4.8,0.875,0.716,42.4,6.5,8.4,42.9,4.2,2.2,0.5,5.5
March,16,16,34:37:00,27.6,5.9,6.2,25.5,0.8,5.1,2.4,0.1,2.9,0.9,2.1,5.0-9.0,0.556,4.6-11.3,0.403,3.9-4.4,0.873,0.619,31.8,6.8,7.1,32.3,3.3,2.7,0.1,5.1
April,9,9,31:57:00,27.3,5.2,7,26.9,0.7,4.6,1.9,0.1,4,0.4,1.9,4.2-7.8,0.543,5.2-11.6,0.452,3.2-3.2,1,0.659,34.2,6.5,8.8,34.6,5,2.4,0.1,4
May,9,8,36:40:00,29.1,6.4,6.7,23.9,0.6,5.9,1.8,0,4,0.8,1.6,5.0-9.8,0.511,4.7-11.4,0.408,5.1-5.7,0.902,0.614,31.8,7,7.3,30.4,4.4,1.9,0,6.2
June,7,7,35:07:00,22.6,4.9,3.7,14.9,1.1,3.7,0.9,0.7,4.3,1,3.6,2.6-6.4,0.4,4.6-11.3,0.405,3.7-4.0,0.929,0.58,25.7,5.5,4.2,20,4.9,1,0.8,4.6
Monday,17,16,33:46:00,29.3,6.2,5.6,28.2,1.1,5.1,2.1,0.3,3.1,0.8,2.4,5.4-9.4,0.575,4.9-10.6,0.459,3.8-4.2,0.915,0.669,34.7,7.4,6.7,36,3.6,2.5,0.3,4.9
Tuesday,10,10,34:45:00,26.2,4.4,8.4,23.7,0.7,3.7,2.4,0,3.5,0.6,2.1,5.2-9.9,0.525,4.1-10.9,0.376,3.5-4.2,0.833,0.578,30.2,5.1,9.7,29.6,4,2.8,0,4.8
Wednesday,19,19,33:25:00,29.9,4.7,6.5,29.4,0.9,3.7,1.9,0.4,3.5,0.5,2.1,4.9-8.5,0.58,5.2-10.5,0.49,4.5-4.9,0.915,0.704,35.8,5.6,7.7,36.5,4.2,2.3,0.4,5.9
Thursday,12,12,32:36:00,30.7,4.9,5.7,30,0.6,4.3,1.8,0.3,3.6,0.3,2.3,4.8-8.1,0.588,5.3-10.8,0.488,5.4-5.8,0.929,0.717,37.6,6,7,37.3,4.4,2.1,0.3,7.2
Friday,15,15,34:35:00,31.4,6.6,7.5,29.9,1.1,5.5,2.1,0.1,3.9,0.9,2.3,4.2-8.3,0.504,5.7-11.9,0.475,6.0-6.5,0.928,0.679,36.3,7.6,8.6,37.9,4.5,2.4,0.1,7.5
Saturday,19,19,33:58:00,28.4,5,6.4,26.5,0.8,4.2,1.7,0.2,3,0.8,1.7,4.4-8.3,0.535,4.9-11.5,0.425,4.8-5.5,0.885,0.639,33.4,5.9,7.6,32.5,3.5,2,0.2,6.4
Sunday,11,11,31:03:00,21.7,4.7,4.6,19.6,0.4,4.4,1.8,0.3,3.7,0.5,1.8,4.2-6.9,0.605,3.5-9.9,0.358,2.7-3.2,0.857,0.596,28,6.1,6,25.6,4.8,2.3,0.4,4.1
vs Eastern,37,37,35:06:00,29.9,5.6,5.7,25.5,0.9,4.7,1.7,0.3,4.2,0.8,2.4,5.0-9.2,0.544,5.2-11.1,0.468,4.3-4.8,0.899,0.667,34.1,6.4,6.5,32.4,4.8,1.9,0.3,5.5
vs Western,66,65,32:39:00,27.8,5.1,6.8,28.3,0.8,4.3,2.1,0.2,3,0.5,1.9,4.6-8.1,0.566,4.7-10.8,0.433,4.6-5.1,0.904,0.657,34.1,6.2,8.3,35.3,3.7,2.6,0.2,6.2
vs Eastern Atlantic,11,11,34:55:00,28.5,4.5,5.6,22.1,0.6,3.9,1.4,0.2,5,0.8,2.4,4.4-8.5,0.511,5.4-11.5,0.468,3.7-4.5,0.837,0.65,32.7,5.2,6.5,27.8,5.7,1.6,0.2,5.1
vs Eastern Central,17,17,35:22:00,26.2,6.1,5.8,22.7,1.2,4.9,1.7,0.4,3.7,0.8,2.5,4.3-8.2,0.525,4.2-10.4,0.401,5.1-5.6,0.916,0.623,29.7,6.9,6.5,29.3,4.2,1.9,0.4,6.3
vs Eastern Southeast,9,9,34:49:00,38.7,6.1,5.6,35.1,0.7,5.4,2.1,0.3,4.3,0.8,2.2,7.2-12.1,0.596,6.9-11.9,0.579,3.6-3.8,0.941,0.753,44.4,7,6.4,44,5,2.4,0.4,4.3
vs Western Northwest,29,28,34:10:00,27.9,5,7.1,25.8,0.8,4.2,2.1,0.2,3.5,0.7,2,4.6-8.9,0.516,4.8-11.2,0.428,4.3-4.9,0.874,0.625,32.6,5.9,8.4,32.1,4.1,2.4,0.2,5.8
vs Western Pacific,18,18,32:00:00,27,5.4,6.6,28.3,0.9,4.5,1.8,0.1,3,0.3,2.3,3.8-6.4,0.586,4.9-10.9,0.447,4.8-5.4,0.887,0.683,33.8,6.7,8.2,35.7,3.8,2.3,0.1,6.7
vs Western Southwest,19,19,30:58:00,28.6,4.9,6.4,32.7,0.7,4.2,2.4,0.2,2.2,0.6,1.5,5.3-8.4,0.631,4.4-10.2,0.428,4.8-5.0,0.968,0.686,36.9,6.3,8.2,40.3,2.8,3.1,0.2,6.5
SPLIT,GP,GS,MIN,PTS,REB,AST,GS40,OFF,DEF,STL,BL,TOV,BLA,PF,2P,2P%,3P,3P%,FT,FT%,TS%,P40,R40,A40,EF40,T40,S40,B40,FTA40
vs 76ers,2,2,33:42:00,21.5,4,7,18.8,1,3,2.5,1,5.5,1,1.5,4.5-7.5,0.6,3.5-10.0,0.35,2.0-2.5,0.8,0.578,25.5,4.7,8.3,24.3,6.5,3,1.2,3
vs Bucks,2,2,37:17:00,27,8.5,7,24.4,2,6.5,1.5,0,4,1.5,2,6.5-10.5,0.619,2.0-7.0,0.286,8.0-9.0,0.889,0.629,29,9.1,7.5,32.2,4.3,1.6,0,9.7
vs Bulls,2,2,34:55:00,26,6,7.5,25.3,1,5,3,0.5,4,0.5,2,5.5-9.0,0.611,3.0-10.0,0.3,6.0-6.0,1,0.601,29.8,6.9,8.6,32.7,4.6,3.4,0.6,6.9
vs Cavaliers,9,9,34:30:00,23.6,5.1,4.1,18.1,1.2,3.9,1.2,0.6,3.8,0.8,3.4,3.1-6.9,0.452,4.4-10.6,0.421,4.0-4.2,0.947,0.61,27.3,5.9,4.8,24,4.4,1.4,0.6,4.9
vs Celtics,2,2,41:46:00,33.5,8,7,19.8,1.5,6.5,1.5,0,8.5,1.5,3,2.0-9.5,0.211,7.0-13.5,0.519,8.5-8.5,1,0.626,32.1,7.7,6.7,26.3,8.1,1.4,0,8.1
vs Clippers,4,4,35:35:00,31.8,5.8,5.5,29,0,5.8,2.5,0,2.8,0.8,2.5,4.0-8.5,0.471,5.0-10.8,0.465,8.8-9.8,0.897,0.674,35.7,6.5,6.2,35.4,3.1,2.8,0,11
vs Grizzlies,4,4,31:40:00,30.3,5.3,5.5,31.8,0.5,4.8,2.8,0.5,2.8,0.5,1.5,5.3-8.0,0.656,5.0-12.8,0.392,4.8-4.8,1,0.662,38.2,6.6,6.9,39.2,3.5,3.5,0.6,6
vs Hawks,1,1,35:48:00,36,6,8,38.2,1,5,3,0,2,1,2,9.0-11.0,0.818,5.0-11.0,0.455,3.0-3.0,1,0.772,40.2,6.7,8.9,48,2.2,3.4,0,3.4
vs Heat,2,2,36:35:00,36.5,4.5,6.5,27.9,1.5,3,1,1,4,1.5,1,7.5-16.5,0.455,5.0-11.5,0.435,6.5-7.0,0.929,0.587,39.9,4.9,7.1,32.3,4.4,1.1,1.1,7.7
vs Hornets,2,2,31:20:00,35,3,4.5,34.3,0,3,1,0,3.5,0,3,6.5-9.0,0.722,6.5-10.5,0.619,2.5-2.5,1,0.85,44.7,3.8,5.7,42.8,4.5,1.3,0,3.2
vs Jazz,4,4,36:19:00,21.3,5.3,7,18.8,1.3,4,2.5,0,3.3,0.8,2.5,3.8-8.5,0.441,3.5-8.8,0.4,3.3-3.8,0.867,0.562,23.4,5.8,7.7,24.5,3.6,2.8,0,4.1
vs Kings,4,4,34:18:00,26,7.5,7.5,27.7,0.5,7,2,0.3,3.3,0,2,3.0-4.8,0.632,4.8-10.8,0.442,5.8-6.5,0.885,0.708,30.3,8.7,8.7,36.7,3.8,2.3,0.3,7.6
vs Knicks,2,2,30:10:00,23.5,5,4,22.1,0,5,1.5,0,2.5,1,1.5,3.0-6.5,0.462,5.5-12.0,0.458,1.0-1.0,1,0.62,31.2,6.6,5.3,28.5,3.3,2,0,1.3
vs Lakers,6,6,28:31:00,21.3,4,6,23.6,1.2,2.8,1.8,0,3,0.2,2,3.5-5.8,0.6,4.3-10.7,0.406,1.3-1.3,1,0.624,29.9,5.6,8.4,30.2,4.2,2.6,0,1.9
vs Magic,2,2,35:41:00,46,10,5.5,43.2,0.5,9.5,2,0.5,5,0,2,8.5-11.5,0.739,8.5-14.0,0.607,3.5-3.5,1,0.851,51.6,11.2,6.2,56.6,5.6,2.2,0.6,3.9
vs Mavericks,3,3,33:46:00,26,6.3,9,31,0.7,5.7,3,0.3,1.3,0.7,1.3,3.7-8.0,0.458,4.7-10.3,0.452,4.7-5.0,0.933,0.633,30.8,7.5,10.7,39.1,1.6,3.6,0.4,5.9
vs Nets,2,2,37:59:00,31,4,4,19.8,0,4,1,0,4,0,1.5,7.0-11.5,0.609,5.0-12.5,0.4,2.0-3.5,0.571,0.607,32.6,4.2,4.2,23.7,4.2,1.1,0,3.7
vs Nuggets,5,5,28:35:00,22,3.6,7.4,24.7,0.4,3.2,2.4,0.4,4.4,0,1.4,4.4-6.6,0.667,3.6-9.8,0.367,2.4-3.0,0.8,0.621,30.8,5,10.4,31.4,6.2,3.4,0.6,4.2
vs Pacers,2,2,36:14:00,34,8.5,11,35.9,1,7.5,2,0,3,0,1,5.5-8.0,0.688,5.5-13.0,0.423,6.5-7.5,0.867,0.7,37.5,9.4,12.1,45.8,3.3,2.2,0,8.3
vs Pelicans,3,3,34:11:00,40,5,7,42.7,1.3,3.7,2.7,0,1.7,0.3,1.7,8.0-11.3,0.706,5.7-11.7,0.486,7.0-7.3,0.955,0.763,46.8,5.9,8.2,50.7,2,3.1,0,8.6
vs Pistons,2,2,36:53:00,30,6,5,24.4,1,5,2.5,0,3.5,1.5,1,5.0-11.0,0.455,5.0-11.0,0.455,5.0-6.0,0.833,0.609,32.5,6.5,5.4,29.3,3.8,2.7,0,6.5
vs Raptors,3,3,32:18:00,31.7,2.7,6,28,0.7,2,0.7,0,4.7,0.7,3.7,5.0-8.0,0.625,5.7-10.0,0.567,4.7-6.0,0.778,0.767,39.2,3.3,7.4,34.3,5.8,0.8,0,7.4
vs Rockets,5,5,24:02:00,21.8,4,5.6,31.8,0.4,3.6,1.4,0,2.2,0.2,1.4,3.8-5.6,0.679,3.6-8.0,0.45,3.4-3.6,0.944,0.718,36.3,6.7,9.3,40.3,3.7,2.3,0,6
vs Spurs,4,4,34:24:00,28.8,4.5,5.8,28.2,0.8,3.8,2.8,0,2.5,1.3,1.5,6.5-10.5,0.619,3.5-9.3,0.378,5.3-5.3,1,0.652,33.4,5.2,6.7,34.3,2.9,3.2,0,6.1
vs Suns,4,4,31:20:00,31.8,5,7.5,34.4,1.8,3.3,1,0.3,3,0.5,2.8,4.8-7.0,0.679,5.8-11.8,0.489,5.0-6.0,0.833,0.742,40.5,6.4,9.6,42.5,3.8,1.3,0.3,7.7
vs Thunder,10,10,36:57:00,29.8,5.7,6.1,24.5,0.6,5.1,2.1,0.1,3.5,1,1.5,4.7-9.8,0.48,5.0-11.6,0.431,5.4-6.2,0.871,0.618,32.3,6.2,6.6,30.1,3.8,2.3,0.1,6.7
vs Timberwolves,3,3,38:22:00,28.7,6,10,24.9,1.7,4.3,2.7,0.3,3.7,0.3,3.7,4.7-10.3,0.452,4.7-12.0,0.389,5.3-5.7,0.941,0.577,29.9,6.3,10.4,32,3.8,2.8,0.3,5.9
vs Trailblazers,7,6,31:08:00,32.7,4.4,7.3,33.7,0.9,3.6,1.3,0.3,3,0.7,2.1,5.0-8.9,0.565,6.1-12.7,0.483,4.3-4.9,0.882,0.69,42,5.7,9.4,41.1,3.9,1.7,0.4,6.2
vs Wizards,2,2,35:11:00,38.5,7,4.5,33.4,0.5,6.5,4,0,6,1.5,3,5.5-12.0,0.458,8.5-12.0,0.708,2.0-2.5,0.8,0.767,43.8,8,5.1,42.6,6.8,4.5,0,2.8
SPLIT,GP,GS,MIN,PTS,REB,AST,GS40,OFF,DEF,STL,BL,TOV,BLA,PF,2P,2P%,3P,3P%,FT,FT%,TS%,P40,R40,A40,EF40,T40,S40,B40,FTA40
at American Airlines Arena,1,1,34:19:00,31,9,10,32.5,1,8,2,0,1,2,2,6.0-14.0,0.429,6.0-12.0,0.5,1.0-1.0,1,0.586,36.1,10.5,11.7,43.1,1.2,2.3,0,1.2
at Amway Center,1,1,34:02:00,51,7,8,50.7,0,7,0,1,5,0,1,10.0-12.0,0.833,10.0-15.0,0.667,1.0-1.0,1,0.929,59.9,8.2,9.4,64.6,5.9,0,1.2,1.2
at AT&T Center,2,2,36:29:00,25.5,5.5,5.5,20.8,1,4.5,2,0,3,1,2,6.0-9.5,0.632,2.5-10.5,0.238,6.0-6.0,1,0.563,28,6,6,26.3,3.3,2.2,0,6.6
at Ball Arena,2,2,33:43:00,28.5,4.5,8,27.1,1,3.5,3,0.5,6,0,0.5,6.5-10.5,0.619,4.0-10.0,0.4,3.5-3.5,1,0.647,33.8,5.3,9.5,33.8,7.1,3.6,0.6,4.2
at Bankers Life Fieldhouse,1,1,35:39:00,29,7,10,27.2,0,7,3,0,4,0,1,8.0-12.0,0.667,3.0-11.0,0.273,4.0-6.0,0.667,0.566,32.5,7.9,11.2,34.8,4.5,3.4,0,6.7
at Barclays Center,1,1,32:14:00,28,5,2,22.8,0,5,1,0,4,0,2,6.0-8.0,0.75,5.0-9.0,0.556,1.0-4.0,0.25,0.746,34.8,6.2,2.5,28.5,5,1.2,0,5
at Bradley Center,1,1,35:14:00,28,7,5,24.4,2,5,1,0,2,1,2,8.0-13.0,0.615,2.0-8.0,0.25,6.0-7.0,0.857,0.581,31.8,7.9,5.7,30.7,2.3,1.1,0,7.9
at Capital One Arena,1,1,35:41:00,51,7,2,41.8,1,6,3,0,7,1,3,8.0-12.0,0.667,11.0-16.0,0.688,2.0-3.0,0.667,0.87,57.2,7.8,2.2,51.6,7.8,3.4,0,3.4
at FedEx Forum,2,2,34:14:00,22.5,7,6.5,20.2,0,7,3,0.5,3,1,1,5.0-9.5,0.526,3.0-12.0,0.25,3.5-3.5,1,0.488,26.3,8.2,7.6,26.9,3.5,3.5,0.6,4.1
at Footprint Center,2,2,30:23:00,33.5,7.5,8.5,40.6,3,4.5,1.5,0.5,4,0.5,1.5,3.0-5.5,0.545,7.0-13.0,0.538,6.5-7.5,0.867,0.768,44.1,9.9,11.2,50,5.3,2,0.7,9.9
at FTX Arena,1,1,35:35:00,42,7,7,34.7,3,4,1,2,7,1,0,8.0-17.0,0.471,6.0-12.0,0.5,8.0-8.0,1,0.646,47.2,7.9,7.9,41.6,7.9,1.1,2.2,9
at Honda Center,1,1,28:38:00,24,4,10,33.8,2,2,4,0,5,0,4,5.0-6.0,0.833,4.0-8.0,0.5,2.0-2.0,1,0.806,33.5,5.6,14,44.7,7,5.6,0,2.8
at Madison Square Garden,1,1,31:59:00,13,4,4,8.4,0,4,3,0,3,2,1,2.0-6.0,0.333,3.0-11.0,0.273,.0-.0,0,0.382,16.3,5,5,11.3,3.8,3.8,0,0
at Moda Center,4,3,29:22:00,31.8,4.3,7.3,34,1,3.3,1,0.3,2.5,0.8,2.3,5.0-9.0,0.556,5.5-12.8,0.431,5.3-6.0,0.875,0.651,43.2,5.8,9.9,40.9,3.4,1.4,0.3,8.2
at Oracle Arena,52,52,33:28:00,27.3,5.2,6.5,26.7,0.7,4.5,2.1,0.2,3.1,0.6,2,4.6-8.2,0.559,4.7-10.6,0.443,4.1-4.4,0.922,0.659,32.6,6.2,7.8,33.7,3.7,2.5,0.2,5.3
at Paycom Center,4,4,36:51:00,29.5,5.8,5.8,23.8,0.5,5.3,2,0,3.3,1.3,1.8,3.0-8.0,0.375,5.8-12.5,0.46,6.3-8.0,0.781,0.614,32,6.2,6.2,28.5,3.5,2.2,0,8.7
at Rocket Mortgage FieldHouse,4,4,33:29:00,30.5,3.3,3.5,25.8,1.5,1.8,2,0,3.5,0.8,4,3.5-7.3,0.483,5.8-11.8,0.489,6.3-6.8,0.926,0.694,36.4,3.9,4.2,30.5,4.2,2.4,0,8.1
at SAP Center,1,1,19:27,14,4,2,15,1,3,0,0,4,0,6,2.0-2.0,1,3.0-5.0,0.6,1.0-2.0,0.5,0.888,28.8,8.2,4.1,26.7,8.2,0,0,4.1
at Scotiabank Arena,1,1,37:51:00,44,2,7,35.2,1,1,0,0,3,1,4,5.0-9.0,0.556,9.0-15.0,0.6,7.0-9.0,0.778,0.787,46.5,2.1,7.4,40.2,3.2,0,0,9.5
at Sleep Train Arena,2,2,38:31:00,31,6,7,25,1,5,1.5,0.5,5,0,2,5.0-7.5,0.667,5.0-12.0,0.417,6.0-7.0,0.857,0.686,32.2,6.2,7.3,31.7,5.2,1.6,0.5,7.3
at Smoothie King Center,1,1,35:38:00,53,4,9,55.2,0,4,4,0,2,0,3,9.0-13.0,0.692,8.0-14.0,0.571,11.0-11.0,1,0.832,59.5,4.5,10.1,65.1,2.2,4.5,0,12.3
at Spectrum Center,1,1,30:49:00,40,3,5,41,0,3,0,0,5,0,2,6.0-7.0,0.857,8.0-11.0,0.727,4.0-4.0,1,1.012,51.9,3.9,6.5,50.6,6.5,0,0,5.2
at Staples Center,4,4,33:10:00,24.5,5.3,5.8,21.8,0.5,4.8,2.5,0,4.3,0.8,2,3.5-7.5,0.467,3.5-10.0,0.35,7.0-7.5,0.933,0.589,29.5,6.3,6.9,27.4,5.1,3,0,9
at State Farm Arena,1,1,35:48:00,36,6,8,38.2,1,5,3,0,2,1,2,9.0-11.0,0.818,5.0-11.0,0.455,3.0-3.0,1,0.772,40.2,6.7,8.9,48,2.2,3.4,0,3.4
at Target Center,2,2,36:16:00,32.5,6,7.5,29.7,1.5,4.5,2.5,0.5,4,0,3.5,5.5-10.0,0.55,5.0-11.0,0.455,6.5-7.0,0.929,0.675,35.8,6.6,8.3,37.5,4.4,2.8,0.6,7.7
at TD Garden,1,1,46:55:00,38,11,8,21.5,3,8,2,0,8,3,4,3.0-14.0,0.214,6.0-13.0,0.462,14.0-14.0,1,0.573,32.4,9.4,6.8,28.1,6.8,1.7,0,11.9
at The Palace,1,1,36:55:00,38,7,5,32.7,1,6,2,0,2,2,1,6.0-11.0,0.545,7.0-15.0,0.467,5.0-6.0,0.833,0.663,41.2,7.6,5.4,39,2.2,2.2,0,6.5
at Toyota Center,2,2,22:59,15.5,3.5,5.5,19.5,0,3.5,1,0,3,0,2,3.0-4.0,0.75,2.5-8.0,0.313,2.0-2.5,0.8,0.592,27,6.1,9.6,27,5.2,1.7,0,4.3
at United Center,1,1,33:45:00,25,7,11,30.5,1,6,2,1,2,1,2,5.0-9.0,0.556,3.0-9.0,0.333,6.0-6.0,1,0.606,29.6,8.3,13,40.3,2.4,2.4,1.2,7.1
at Valley View Casino Center,1,1,22:24,19,3,4,24.6,1,2,0,0,3,0,0,2.0-3.0,0.667,5.0-10.0,0.5,.0-.0,0,0.731,33.9,5.4,7.1,30.4,5.4,0,0,0
at Vivint Smart Home Arena,2,2,39:46:00,28.5,6.5,4.5,20.6,2,4.5,2,0,3.5,1,3,5.5-12.5,0.44,4.5-9.0,0.5,4.0-4.5,0.889,0.607,28.7,6.5,4.5,26.2,3.5,2,0,4.5
at Wells Fargo Center,1,1,34:12:00,23,5,6,16.4,2,3,1,2,7,1,3,4.0-8.0,0.5,5.0-11.0,0.455,.0-.0,0,0.605,26.9,5.8,7,23.4,8.2,1.2,2.3,0